-- 과팅 더미 데이터
insert into team (id, name, university, major, code, member_limit, member_number, gender, created_at,
                  updated_at)
values (1,
        "여기여기모여라",
        "단국대학교",
        "컴퓨터공학과",
        "여기여기모여라_-k97ip1jhn",
        3, 3,
        "FEMALE", now(), now());

insert into team (id, name, university, major, code, member_limit, member_number, gender, created_at,
                  updated_at)
values (2,
        "리얼솔라드래곤",
        "경기대학교",
        "신소재공학과",
        "리얼솔라드래곤_3k97ip1j-n",
        3, 3,
        "MALE", now(), now());

insert into team (id, name, university, major, code, member_limit, member_number, gender, created_at,
                  updated_at)
values (3,
        "보드게임러",
        "중앙대학교",
        "신소재공학과",
        "보드게임러_1234abcd-n",
        3, 1,
        "MALE", now(), now());

insert into team (id, name, university, major, code, member_limit, member_number, gender, created_at,
                  updated_at)
values (4,
        "보드게임러",
        "고려대학교",
        "철학과",
        "보드게임러_ack-12o812",
        3, 1,
        "FEMALE", now(), now());

insert into team (id, name, university, major, code, member_limit, member_number, gender, created_at,
                  updated_at)
values (5,
        "보드게임러",
        "단국대학교",
        "컴퓨터공학과",
        "보드게임러_ack-120112",
        3, 3,
        "FEMALE", now(), now());

insert into team (id, name, university, major, code, member_limit, member_number, gender, created_at,
                  updated_at)
values (6,
        "보드게임러",
        "단국대학교",
        "컴퓨터공학과",
        "보드게임러_ack-120212",
        3, 3,
        "FEMALE", now(), now());

insert into team (id, name, university, major, code, member_limit, member_number, gender, created_at,
                  updated_at)
values (7,
        "보드게임러",
        "단국대학교",
        "컴퓨터공학과",
        "보드게임러_ack-120312",
        3, 3,
        "FEMALE", now(), now());

insert into team (id, name, university, major, code, member_limit, member_number, gender, created_at,
                  updated_at)
values (8,
        "보드게임러",
        "단국대학교",
        "컴퓨터공학과",
        "보드게임러_ack-120412",
        3, 3,
        "FEMALE", now(), now());

insert into team (id, name, university, major, code, member_limit, member_number, gender, created_at,
                  updated_at)
values (9,
        "보드게임러",
        "단국대학교",
        "컴퓨터공학과",
        "보드게임러_ack-120512",
        3, 3,
        "FEMALE", now(), now());

insert into team (id, name, university, major, code, member_limit, member_number, gender, created_at,
                  updated_at)
values (10,
        "보드게임러",
        "단국대학교",
        "컴퓨터공학과",
        "보드게임러_ack-120612",
        3, 3,
        "FEMALE", now(), now());

insert into team (id, name, university, major, code, member_limit, member_number, gender, created_at,
                  updated_at)
values (11,
        "보드게임러",
        "단국대학교",
        "컴퓨터공학과",
        "보드게임러_ack-120712",
        3, 3,
        "FEMALE", now(), now());

insert into team (id, name, university, major, code, member_limit, member_number, gender, created_at,
                  updated_at)
values (12,
        "보드게임러",
        "단국대학교",
        "컴퓨터공학과",
        "보드게임러_ack-120812",
        3, 3,
        "FEMALE", now(), now());

insert into team (id, name, university, major, code, member_limit, member_number, gender, created_at,
                  updated_at)
values (13,
        "보드게임러",
        "고려대학교",
        "철학과",
        "보드게임러_ack-120912",
        3, 1,
        "FEMALE", now(), now());

insert into team (id, name, university, major, code, member_limit, member_number, gender, created_at,
                  updated_at)
values (14,
        "보드게임러",
        "단국대학교",
        "컴퓨터공학과",
        "보드게임러_ack-121012",
        3, 3,
        "FEMALE", now(), now());

insert into team (id, name, university, major, code, member_limit, member_number, gender, created_at,
                  updated_at)
values (15,
        "방탈출",
        "서울대학교",
        "컴퓨터공학과",
        "방탈출_ack-120112",
        3, 3,
        "MALE", now(), now());

insert into team (id, name, university, major, code, member_limit, member_number, gender, created_at,
                  updated_at)
values (16,
        "방탈출",
        "서울대학교",
        "컴퓨터공학과",
        "방탈출_ack-120212",
        3, 3,
        "MALE", now(), now());

insert into team (id, name, university, major, code, member_limit, member_number, gender, created_at,
                  updated_at)
values (17,
        "방탈출",
        "서울대학교",
        "컴퓨터공학과",
        "방탈출_ack-120312",
        3, 3,
        "MALE", now(), now());

insert into team (id, name, university, major, code, member_limit, member_number, gender, created_at,
                  updated_at)
values (18,
        "방탈출",
        "서울대학교",
        "컴퓨터공학과",
        "방탈출_ack-120412",
        3, 3,
        "MALE", now(), now());

insert into team (id, name, university, major, code, member_limit, member_number, gender, created_at,
                  updated_at)
values (19,
        "방탈출",
        "서울대학교",
        "컴퓨터공학과",
        "방탈출_ack-120512",
        3, 3,
        "MALE", now(), now());

insert into team (id, name, university, major, code, member_limit, member_number, gender, created_at,
                  updated_at)
values (20,
        "방탈출",
        "서울대학교",
        "컴퓨터공학과",
        "방탈출_ack-120612",
        3, 3,
        "MALE", now(), now());

insert into team (id, name, university, major, code, member_limit, member_number, gender, created_at,
                  updated_at)
values (21,
        "방탈출",
        "서울대학교",
        "컴퓨터공학과",
        "방탈출_ack-120712",
        3, 3,
        "MALE", now(), now());

insert into team (id, name, university, major, code, member_limit, member_number, gender, created_at,
                  updated_at)
values (22,
        "방탈출",
        "서울대학교",
        "컴퓨터공학과",
        "방탈출_ack-120812",
        3, 3,
        "MALE", now(), now());

insert into team (id, name, university, major, code, member_limit, member_number, gender, created_at,
                  updated_at)
values (23,
        "방탈출",
        "서울대학교",
        "컴퓨터공학과",
        "방탈출_ack-120912",
        3, 3,
        "MALE", now(), now());

insert into team (id, name, university, major, code, member_limit, member_number, gender, created_at,
                  updated_at)
values (24,
        "방탈출",
        "서울대학교",
        "컴퓨터공학과",
        "방탈출_ack-121012",
        3, 3,
        "MALE", now(), now());

insert into team (id, name, university, major, code, member_limit, member_number, gender, created_at,
                  updated_at)
values (25,
        "보드게임러",
        "단국대학교",
        "컴퓨터공학과",
        "보드게임러_zck-120112",
        3, 3,
        "FEMALE", now(), now());

insert into team (id, name, university, major, code, member_limit, member_number, gender, created_at,
                  updated_at)
values (26,
        "보드게임러",
        "단국대학교",
        "컴퓨터공학과",
        "보드게임러_bck-120212",
        3, 3,
        "FEMALE", now(), now());

insert into team (id, name, university, major, code, member_limit, member_number, gender, created_at,
                  updated_at)
values (27,
        "보드게임러",
        "단국대학교",
        "컴퓨터공학과",
        "보드게임러_cck-120312",
        3, 3,
        "FEMALE", now(), now());

insert into team (id, name, university, major, code, member_limit, member_number, gender, created_at,
                  updated_at)
values (28,
        "보드게임러",
        "단국대학교",
        "컴퓨터공학과",
        "보드게임러_dck-120412",
        3, 3,
        "FEMALE", now(), now());

insert into team (id, name, university, major, code, member_limit, member_number, gender, created_at,
                  updated_at)
values (29,
        "보드게임러",
        "단국대학교",
        "컴퓨터공학과",
        "보드게임러_eck-120512",
        3, 3,
        "FEMALE", now(), now());

insert into team (id, name, university, major, code, member_limit, member_number, gender, created_at,
                  updated_at)
values (30,
        "보드게임러",
        "단국대학교",
        "컴퓨터공학과",
        "보드게임러_fck-120612",
        3, 3,
        "FEMALE", now(), now());

insert into team (id, name, university, major, code, member_limit, member_number, gender, created_at,
                  updated_at)
values (31,
        "보드게임러",
        "단국대학교",
        "컴퓨터공학과",
        "보드게임러_gck-120712",
        3, 3,
        "FEMALE", now(), now());

insert into team (id, name, university, major, code, member_limit, member_number, gender, created_at,
                  updated_at)
values (32,
        "보드게임러",
        "단국대학교",
        "컴퓨터공학과",
        "보드게임러_hck-120812",
        3, 3,
        "FEMALE", now(), now());

insert into team (id, name, university, major, code, member_limit, member_number, gender, created_at,
                  updated_at)
values (33,
        "보드게임러",
        "고려대학교",
        "철학과",
        "보드게임러_ick-120912",
        3, 1,
        "FEMALE", now(), now());

insert into team (id, name, university, major, code, member_limit, member_number, gender, created_at,
                  updated_at)
values (34,
        "보드게임러",
        "단국대학교",
        "컴퓨터공학과",
        "보드게임러_jck-121012",
        3, 3,
        "FEMALE", now(), now());

insert into team (id, name, university, major, code, member_limit, member_number, gender, created_at,
                  updated_at)
values (35,
        "방탈출",
        "서울대학교",
        "컴퓨터공학과",
        "방탈출_zck-120112",
        3, 3,
        "MALE", now(), now());

insert into team (id, name, university, major, code, member_limit, member_number, gender, created_at,
                  updated_at)
values (36,
        "방탈출",
        "서울대학교",
        "컴퓨터공학과",
        "방탈출_bck-120212",
        3, 3,
        "MALE", now(), now());

insert into team (id, name, university, major, code, member_limit, member_number, gender, created_at,
                  updated_at)
values (37,
        "방탈출",
        "서울대학교",
        "컴퓨터공학과",
        "방탈출_cck-120312",
        3, 3,
        "MALE", now(), now());

insert into team (id, name, university, major, code, member_limit, member_number, gender, created_at,
                  updated_at)
values (38,
        "방탈출",
        "서울대학교",
        "컴퓨터공학과",
        "방탈출_dck-120412",
        3, 3,
        "MALE", now(), now());

insert into team (id, name, university, major, code, member_limit, member_number, gender, created_at,
                  updated_at)
values (39,
        "방탈출",
        "서울대학교",
        "컴퓨터공학과",
        "방탈출_eck-120512",
        3, 3,
        "MALE", now(), now());

insert into team (id, name, university, major, code, member_limit, member_number, gender, created_at,
                  updated_at)
values (40,
        "방탈출",
        "서울대학교",
        "컴퓨터공학과",
        "방탈출_fck-120612",
        3, 3,
        "MALE", now(), now());

insert into team (id, name, university, major, code, member_limit, member_number, gender, created_at,
                  updated_at)
values (41,
        "방탈출",
        "서울대학교",
        "컴퓨터공학과",
        "방탈출_gck-120712",
        3, 3,
        "MALE", now(), now());

insert into team (id, name, university, major, code, member_limit, member_number, gender, created_at,
                  updated_at)
values (42,
        "방탈출",
        "서울대학교",
        "컴퓨터공학과",
        "방탈출_ick-120812",
        3, 3,
        "MALE", now(), now());

insert into team (id, name, university, major, code, member_limit, member_number, gender, created_at,
                  updated_at)
values (43,
        "방탈출",
        "서울대학교",
        "컴퓨터공학과",
        "방탈출_jck-120912",
        3, 3,
        "MALE", now(), now());

insert into team (id, name, university, major, code, member_limit, member_number, gender, created_at,
                  updated_at)
values (44,
        "방탈출",
        "서울대학교",
        "컴퓨터공학과",
        "방탈출_kck-121012",
        3, 3,
        "MALE", now(), now());

-- 팀 멤버 더미 데이터
insert into team_member (id, team_id, member_id, role, created_at, updated_at)
values (1, 1, 1, 'LEADER', now(), now()), (2, 1, 2, 'MEMBER', now(), now()), (3, 1, 8, 'MEMBER', now(), now());

insert into team_member (id, team_id, member_id, role, created_at, updated_at)
values (4, 2, 4, 'LEADER', now(), now()), (5, 2, 7, 'MEMBER', now(), now()), (6, 2, 6, 'MEMBER', now(), now());

insert into team_member (id, team_id, member_id, role, created_at, updated_at)
values (7, 3, 7, 'LEADER', now(), now());

insert into team_member (id, team_id, member_id, role, created_at, updated_at)
values (8, 4, 8, 'LEADER', now(), now());

insert into team_member (id, team_id, member_id, role, created_at, updated_at)
values (9, 5, 20, 'LEADER', now(), now()), (10, 5, 21, 'MEMBER', now(), now()), (11, 5, 22, 'MEMBER', now(), now());

insert into team_member (id, team_id, member_id, role, created_at, updated_at)
values (12, 6, 21, 'LEADER', now(), now()), (13, 6, 22, 'MEMBER', now(), now()), (14, 6, 23, 'MEMBER', now(), now());

insert into team_member (id, team_id, member_id, role, created_at, updated_at)
values (15, 7, 22, 'LEADER', now(), now()), (16, 7, 23, 'MEMBER', now(), now()), (17, 7, 24, 'MEMBER', now(), now());

insert into team_member (id, team_id, member_id, role, created_at, updated_at)
values (18, 8, 23, 'LEADER', now(), now()), (19, 8, 24, 'MEMBER', now(), now()), (20, 8, 25, 'MEMBER', now(), now());

insert into team_member (id, team_id, member_id, role, created_at, updated_at)
values (21, 9, 24, 'LEADER', now(), now()), (22, 9, 25, 'MEMBER', now(), now()), (23, 9, 26, 'MEMBER', now(), now());

insert into team_member (id, team_id, member_id, role, created_at, updated_at)
values (24, 10, 25, 'LEADER', now(), now()), (25, 10, 26, 'MEMBER', now(), now()), (26, 10, 27, 'MEMBER', now(), now());

insert into team_member (id, team_id, member_id, role, created_at, updated_at)
values (27, 11, 26, 'LEADER', now(), now()), (28, 11, 27, 'MEMBER', now(), now()), (29, 11, 28, 'MEMBER', now(), now());

insert into team_member (id, team_id, member_id, role, created_at, updated_at)
values (30, 12, 27, 'LEADER', now(), now()), (31, 12, 28, 'MEMBER', now(), now()), (32, 12, 29, 'MEMBER', now(), now());

insert into team_member (id, team_id, member_id, role, created_at, updated_at)
values (33, 13, 28, 'LEADER', now(), now()), (128, 13, 29, 'MEMBER', now(), now()), (129, 13, 20, 'MEMBER', now(), now());

insert into team_member (id, team_id, member_id, role, created_at, updated_at)
values (35, 14, 29, 'LEADER', now(), now()), (36, 14, 20, 'MEMBER', now(), now()), (37, 14, 21, 'MEMBER', now(), now());

insert into team_member (id, team_id, member_id, role, created_at, updated_at)
values (38, 15, 10, 'LEADER', now(), now()), (39, 15, 11, 'MEMBER', now(), now()), (40, 15, 12, 'MEMBER', now(), now());

insert into team_member (id, team_id, member_id, role, created_at, updated_at)
values (41, 16, 11, 'LEADER', now(), now()), (42, 16, 12, 'MEMBER', now(), now()), (43, 16, 13, 'MEMBER', now(), now());

insert into team_member (id, team_id, member_id, role, created_at, updated_at)
values (44, 17, 12, 'LEADER', now(), now()), (45, 17, 13, 'MEMBER', now(), now()), (46, 17, 14, 'MEMBER', now(), now());

insert into team_member (id, team_id, member_id, role, created_at, updated_at)
values (47, 18, 13, 'LEADER', now(), now()), (48, 18, 14, 'MEMBER', now(), now()), (49, 18, 15, 'MEMBER', now(), now());

insert into team_member (id, team_id, member_id, role, created_at, updated_at)
values (50, 19, 14, 'LEADER', now(), now()), (51, 19, 15, 'MEMBER', now(), now()), (52, 19, 16, 'MEMBER', now(), now());

insert into team_member (id, team_id, member_id, role, created_at, updated_at)
values (53, 20, 15, 'LEADER', now(), now()), (54, 20, 16, 'MEMBER', now(), now()), (55, 20, 17, 'MEMBER', now(), now());

insert into team_member (id, team_id, member_id, role, created_at, updated_at)
values (56, 21, 16, 'LEADER', now(), now()), (57, 21, 17, 'MEMBER', now(), now()), (58, 21, 18, 'MEMBER', now(), now());

insert into team_member (id, team_id, member_id, role, created_at, updated_at)
values (59, 22, 17, 'LEADER', now(), now()), (60, 22, 18, 'MEMBER', now(), now()), (61, 22, 19, 'MEMBER', now(), now());

insert into team_member (id, team_id, member_id, role, created_at, updated_at)
values (62, 23, 18, 'LEADER', now(), now()), (63, 23, 19, 'MEMBER', now(), now()), (64, 23, 10, 'MEMBER', now(), now());

insert into team_member (id, team_id, member_id, role, created_at, updated_at)
values (65, 24, 19, 'LEADER', now(), now()), (66, 24, 10, 'MEMBER', now(), now()), (67, 24, 11, 'MEMBER', now(), now());

insert into team_member (id, team_id, member_id, role, created_at, updated_at)
values (68, 25, 20, 'LEADER', now(), now()), (69, 25, 21, 'MEMBER', now(), now()), (70, 25, 22, 'MEMBER', now(), now());

insert into team_member (id, team_id, member_id, role, created_at, updated_at)
values (71, 26, 21, 'LEADER', now(), now()), (72, 26, 22, 'MEMBER', now(), now()), (73, 26, 23, 'MEMBER', now(), now());

insert into team_member (id, team_id, member_id, role, created_at, updated_at)
values (74, 27, 22, 'LEADER', now(), now()), (75, 27, 23, 'MEMBER', now(), now()), (76, 27, 24, 'MEMBER', now(), now());

insert into team_member (id, team_id, member_id, role, created_at, updated_at)
values (77, 28, 23, 'LEADER', now(), now()), (78, 28, 24, 'MEMBER', now(), now()), (79, 28, 25, 'MEMBER', now(), now());

insert into team_member (id, team_id, member_id, role, created_at, updated_at)
values (80, 29, 24, 'LEADER', now(), now()), (81, 29, 25, 'MEMBER', now(), now()), (82, 29, 26, 'MEMBER', now(), now());

insert into team_member (id, team_id, member_id, role, created_at, updated_at)
values (83, 30, 25, 'LEADER', now(), now()), (84, 30, 26, 'MEMBER', now(), now()), (85, 30, 27, 'MEMBER', now(), now());

insert into team_member (id, team_id, member_id, role, created_at, updated_at)
values (86, 31, 26, 'LEADER', now(), now()), (87, 31, 27, 'MEMBER', now(), now()), (88, 31, 28, 'MEMBER', now(), now());

insert into team_member (id, team_id, member_id, role, created_at, updated_at)
values (89, 32, 27, 'LEADER', now(), now()), (90, 32, 28, 'MEMBER', now(), now()), (91, 32, 29, 'MEMBER', now(), now());

insert into team_member (id, team_id, member_id, role, created_at, updated_at)
values (92, 33, 28, 'LEADER', now(), now()), (93, 33, 29, 'MEMBER', now(), now()), (94, 33, 20, 'MEMBER', now(), now());

insert into team_member (id, team_id, member_id, role, created_at, updated_at)
values (95, 34, 29, 'LEADER', now(), now()), (96, 34, 20, 'MEMBER', now(), now()), (97, 34, 21, 'MEMBER', now(), now());

insert into team_member (id, team_id, member_id, role, created_at, updated_at)
values (98, 35, 10, 'LEADER', now(), now()), (99, 35, 11, 'MEMBER', now(), now()), (100, 35, 12, 'MEMBER', now(), now());

insert into team_member (id, team_id, member_id, role, created_at, updated_at)
values (101, 36, 11, 'LEADER', now(), now()), (102, 36, 12, 'MEMBER', now(), now()), (103, 36, 13, 'MEMBER', now(), now());

insert into team_member (id, team_id, member_id, role, created_at, updated_at)
values (104, 37, 12, 'LEADER', now(), now()), (105, 37, 13, 'MEMBER', now(), now()), (106, 37, 14, 'MEMBER', now(), now());

insert into team_member (id, team_id, member_id, role, created_at, updated_at)
values (107, 38, 13, 'LEADER', now(), now()), (108, 38, 14, 'MEMBER', now(), now()), (109, 38, 15, 'MEMBER', now(), now());

insert into team_member (id, team_id, member_id, role, created_at, updated_at)
values (110, 39, 14, 'LEADER', now(), now()), (111, 39, 15, 'MEMBER', now(), now()), (112, 39, 16, 'MEMBER', now(), now());

insert into team_member (id, team_id, member_id, role, created_at, updated_at)
values (113, 40, 15, 'LEADER', now(), now()), (114, 40, 16, 'MEMBER', now(), now()), (115, 40, 17, 'MEMBER', now(), now());

insert into team_member (id, team_id, member_id, role, created_at, updated_at)
values (116, 41, 16, 'LEADER', now(), now()), (117, 41, 17, 'MEMBER', now(), now()), (118, 41, 18, 'MEMBER', now(), now());

insert into team_member (id, team_id, member_id, role, created_at, updated_at)
values (119, 42, 17, 'LEADER', now(), now()), (120, 42, 18, 'MEMBER', now(), now()), (121, 42, 19, 'MEMBER', now(), now());

insert into team_member (id, team_id, member_id, role, created_at, updated_at)
values (122, 43, 18, 'LEADER', now(), now()), (123, 43, 19, 'MEMBER', now(), now()), (124, 43, 10, 'MEMBER', now(), now());

insert into team_member (id, team_id, member_id, role, created_at, updated_at)
values (125, 44, 19, 'LEADER', now(), now()), (126, 44, 10, 'MEMBER', now(), now()), (127, 44, 11, 'MEMBER', now(), now());

-- 팀 지역 더미 데이터
insert into team_region (id, team_id, region)
values (1, 1, "서울");

insert into team_region (id, team_id, region)
values (2, 2, "서울");

insert into team_region (id, team_id, region)
values (3, 3, "서울");

insert into team_region (id, team_id, region)
values (4, 4, "서울");

insert into team_region (id, team_id, region)
values (5, 5, "서울");

insert into team_region (id, team_id, region)
values (6, 6, "서울");

insert into team_region (id, team_id, region)
values (7, 7, "서울");

insert into team_region (id, team_id, region)
values (8, 8, "서울");

insert into team_region (id, team_id, region)
values (9, 9, "서울");

insert into team_region (id, team_id, region)
values (10, 10, "서울");

insert into team_region (id, team_id, region)
values (11, 11, "서울");

insert into team_region (id, team_id, region)
values (12, 12, "서울");

insert into team_region (id, team_id, region)
values (13, 13, "서울");

insert into team_region (id, team_id, region)
values (14, 14, "서울");

insert into team_region (id, team_id, region)
values (15, 15, "서울");

insert into team_region (id, team_id, region)
values (16, 16, "서울");

insert into team_region (id, team_id, region)
values (17, 17, "서울");

insert into team_region (id, team_id, region)
values (18, 18, "서울");

insert into team_region (id, team_id, region)
values (19, 19, "서울");

insert into team_region (id, team_id, region)
values (20, 20, "서울");

insert into team_region (id, team_id, region)
values (21, 21, "서울");

insert into team_region (id, team_id, region)
values (22, 22, "서울");

insert into team_region (id, team_id, region)
values (23, 23, "서울");

insert into team_region (id, team_id, region)
values (24, 24, "서울");

insert into team_region (id, team_id, region)
values (25, 25, "서울");

insert into team_region (id, team_id, region)
values (26, 26, "서울");

insert into team_region (id, team_id, region)
values (27, 27, "서울");

insert into team_region (id, team_id, region)
values (28, 28, "서울");

insert into team_region (id, team_id, region)
values (29, 29, "서울");

insert into team_region (id, team_id, region)
values (30, 30, "서울");

insert into team_region (id, team_id, region)
values (31, 31, "서울");

insert into team_region (id, team_id, region)
values (32, 32, "서울");

insert into team_region (id, team_id, region)
values (33, 33, "서울");

insert into team_region (id, team_id, region)
values (34, 34, "서울");

insert into team_region (id, team_id, region)
values (35, 35, "서울");

insert into team_region (id, team_id, region)
values (36, 36, "서울");

insert into team_region (id, team_id, region)
values (37, 37, "서울");

insert into team_region (id, team_id, region)
values (38, 38, "서울");

insert into team_region (id, team_id, region)
values (39, 39, "서울");

insert into team_region (id, team_id, region)
values (40, 40, "서울");

insert into team_region (id, team_id, region)
values (41, 41, "서울");

insert into team_region (id, team_id, region)
values (42, 42, "서울");

insert into team_region (id, team_id, region)
values (43, 43, "서울");

insert into team_region (id, team_id, region)
values (44, 44, "서울");


